year,citedby-count
2018,16.853151862464184
2019,14.37508111615834
2020,13.492774992627544
2021,8.643250327653998
2022,3.488218661639962
2023,0.7157202216066482
